{
    "R2": 0.9072993397712708,
    "RMSPE": 0.3152192775412987
}