{
    "R2": 0.039647698402404785,
    "RMSPE": 1.0255965163101084
}