{
    "R2": 0.03964734077453613,
    "RMSPE": 1.0256163062931847
}