{
    "R2": 0.897773802280426,
    "RMSPE": 0.33489600334176434
}